{
    "countries": [
      {
        "name": "China",
        "flag": "https://skyflocodes.github.io/CountryAssets/country_flags/cn.png",
        "wikipediaLink": "https://en.wikipedia.org/wiki/China",
        "code": "CNY - Yuan Renminbi",
        "regions": [
          "Anhui",
          "Beijing",
          "Chongqing",
          "Fujian",
          "Gansu",
          "Guangdong",
          "Guangxi Zhuangzu",
          "Guizhou",
          "Hainan",
          "Hebei",
          "Heilongjiang",
          "Henan",
          "Hubei",
          "Hunan",
          "Jiangsu",
          "Jiangxi",
          "Jilin",
          "Liaoning",
          "Nei Mongol",
          "Ningxia Huizu",
          "Qinghai",
          "Shaanxi",
          "Shandong",
          "Shanghai",
          "Shanxi",
          "Sichuan",
          "Tianjin",
          "Xinjiang Uygur",
          "Xizang",
          "Yunnan",
          "Zhejiang"
        ]
      },
      {
        "name": "Malawi",
        "flag": "https://skyflocodes.github.io/CountryAssets/country_flags/mw.png",
        "wikipediaLink": "https://en.wikipedia.org/wiki/Malawi",
        "code": "MWK - Malawian Kwacha",
        "regions": [
          "Balaka",
          "Blantyre",
          "Chikwawa",
          "Chiradzulu",
          "Dedza",
          "Dowa",
          "Karonga",
          "Lilongwe",
          "Machinga",
          "Mangochi",
          "Mwanza",
          "Mzimba",
          "Neno",
          "Nkhotakota",
          "Phalombe",
          "Salima",
          "Thyolo",
          "Zomba"
        ]
      },
      {
        "name": "Azerbaijan",
        "flag": "https://skyflocodes.github.io/CountryAssets/country_flags/az.png",
        "wikipediaLink": "https://en.wikipedia.org/wiki/Azerbaijan",
        "code": "AZN - Manat",
        "regions": [
          "Abseron",
          "Agcabadi",
          "Agsu",
          "Astara",
          "Baki",
          "Balakan",
          "Barda",
          "Beylaqan",
          "Bilasuvar",
          "Calilabad",
          "Fuzuli",
          "Gadabay",
          "Ganca",
          "Goranboy",
          "Goycay",
          "Goygol",
          "Imisli",
          "Ismayilli",
          "Kurdamir",
          "Lankaran",
          "Masalli",
          "Mingacevir",
          "Naftalan",
          "Naxcivan",
          "Neftcala",
          "Oguz",
          "Qabala",
          "Qax",
          "Qazax",
          "Quba",
          "Qusar",
          "Saatli",
          "Sabirabad",
          "Saki",
          "Salyan",
          "Samaxi",
          "Samkir",
          "Samux",
          "Sirvan",
          "Sumqayit",
          "Tartar",
          "Ucar",
          "Xacmaz",
          "Xocavand",
          "Yardimli",
          "Yevlax",
          "Zaqatala",
          "Zardab"
        ]
      },
      {
        "name": "Sierra Leone",
        "flag": "https://skyflocodes.github.io/CountryAssets/country_flags/sl.png",
        "wikipediaLink": "https://en.wikipedia.org/wiki/Sierra_Leone",
        "code": "SLL - Leone",
        "regions": [
          "Eastern",
          "Northern",
          "Southern",
          "Western Area"
        ]
      },
      {
        "name": "Ireland",
        "flag": "https://skyflocodes.github.io/CountryAssets/country_flags/ie.png",
        "wikipediaLink": "https://en.wikipedia.org/wiki/Ireland",
        "code": "EUR - Euros",
        "regions": [
          "Carlow",
          "Cavan",
          "Clare",
          "Cork",
          "Donegal",
          "Dublin",
          "Galway",
          "Kerry",
          "Kildare",
          "Kilkenny",
          "Laois",
          "Leitrim",
          "Limerick",
          "Longford",
          "Louth",
          "Mayo",
          "Meath",
          "Monaghan",
          "Offaly",
          "Roscommon",
          "Sligo",
          "Tipperary",
          "Waterford",
          "Westmeath",
          "Wexford",
          "Wicklow"
        ]
      },
      {
        "name": "Cyprus",
        "flag": "https://skyflocodes.github.io/CountryAssets/country_flags/cy.png",
        "wikipediaLink": "https://en.wikipedia.org/wiki/Cyprus",
        "code": "CYP - Cypriot Pound",
        "regions": [
          "Ammochostos",
          "Keryneia",
          "Larnaka",
          "Lefkosia",
          "Lemesos",
          "Pafos"
        ]
      },
      {
        "name": "Gambia",
        "flag": "https://skyflocodes.github.io/CountryAssets/country_flags/gm.png",
        "wikipediaLink": "https://en.wikipedia.org/wiki/Gambia",
        "code": "GMD - Dalasi",
        "regions": [
          "Banjul",
          "Central River",
          "Lower River",
          "North Bank",
          "Upper River",
          "Western"
        ]
      },
      {
        "name": "Cambodia",
        "flag": "https://skyflocodes.github.io/CountryAssets/country_flags/kh.png",
        "wikipediaLink": "https://en.wikipedia.org/wiki/Cambodia",
        "code": "KHR - Riel",
        "regions": [
          "Baat Dambang",
          "Banteay Mean Choay",
          "Kaeb",
          "Kampong Chaam",
          "Kampong Chhnang",
          "Kampong Spueu",
          "Kampong Thum",
          "Kampot",
          "Kandaal",
          "Kracheh",
          "Mondol Kiri",
          "Pailin",
          "Phnom Penh",
          "Pousaat",
          "Preah Sihanouk",
          "Prey Veaeng",
          "Rotanak Kiri",
          "Siem Reab",
          "Stueng Traeng",
          "Svaay Rieng",
          "Taakaev"
        ]
      },
      {
        "name": "Vanuatu",
        "flag": "https://skyflocodes.github.io/CountryAssets/country_flags/vu.png",
        "wikipediaLink": "https://en.wikipedia.org/wiki/Vanuatu",
        "code": "VUV - Vatu",
        "regions": [
          "Shefa",
          "Tafea",
          "Torba"
        ]
      },
      {
        "name": "Guyana",
        "flag": "https://skyflocodes.github.io/CountryAssets/country_flags/gy.png",
        "wikipediaLink": "https://en.wikipedia.org/wiki/Guyana",
        "code": "GYD - Guyanaese Dollar",
        "regions": [
          "Cuyuni-Mazaruni",
          "Demerara-Mahaica",
          "East Berbice-Corentyne",
          "Essequibo Islands-West Demerara",
          "Mahaica-Berbice",
          "Potaro-Siparuni",
          "Upper Demerara-Berbice"
        ]
      },
      {
        "name": "Afghanistan",
        "flag": "https://skyflocodes.github.io/CountryAssets/country_flags/af.png",
        "wikipediaLink": "https://en.wikipedia.org/wiki/Afghanistan",
        "code": "AFN - Afghani",
        "regions": [
          "Badakhshan",
          "Badghis",
          "Baghlan",
          "Balkh",
          "Bamyan",
          "Daykundi",
          "Farah",
          "Faryab",
          "Ghazni",
          "Ghor",
          "Helmand",
          "Herat",
          "Jowzjan",
          "Kabul",
          "Kandahar",
          "Kapisa",
          "Khost",
          "Kunduz",
          "Laghman",
          "Logar",
          "Nangarhar",
          "Nimroz",
          "Paktiya",
          "Parwan",
          "Sar-e Pul",
          "Takhar",
          "Uruzgan"
        ]
      },
      {
        "name": "Lesotho",
        "flag": "https://skyflocodes.github.io/CountryAssets/country_flags/ls.png",
        "wikipediaLink": "https://en.wikipedia.org/wiki/Lesotho",
        "code": "LSL - Loti",
        "regions": [
          "Berea",
          "Botha-Bothe",
          "Leribe",
          "Mafeteng",
          "Maseru",
          "Mohale's Hoek",
          "Mokhotlong",
          "Qacha's Nek",
          "Quthing",
          "Thaba-Tseka"
        ]
      },
      {
        "name": "Estonia",
        "flag": "https://skyflocodes.github.io/CountryAssets/country_flags/ee.png",
        "wikipediaLink": "https://en.wikipedia.org/wiki/Estonia",
        "code": "EEK - Estonian Kroon",
        "regions": [
          "Harjumaa",
          "Hiiumaa",
          "Ida-Virumaa",
          "Jarvamaa",
          "Jogevamaa",
          "Laane-Virumaa",
          "Laanemaa",
          "Parnumaa",
          "Polvamaa",
          "Raplamaa",
          "Saaremaa",
          "Tartumaa",
          "Valgamaa",
          "Viljandimaa",
          "Vorumaa"
        ]
      },
      {
        "name": "Poland",
        "flag": "https://skyflocodes.github.io/CountryAssets/country_flags/pl.png",
        "wikipediaLink": "https://en.wikipedia.org/wiki/Poland",
        "code": "PLN - Zloty",
        "regions": [
          "Dolnoslaskie",
          "Kujawsko-pomorskie",
          "Lodzkie",
          "Lubelskie",
          "Lubuskie",
          "Malopolskie",
          "Mazowieckie",
          "Opolskie",
          "Podkarpackie",
          "Podlaskie",
          "Pomorskie",
          "Slaskie",
          "Swietokrzyskie",
          "Warminsko-mazurskie",
          "Wielkopolskie",
          "Zachodniopomorskie"
        ]
      },
      {
        "name": "Barbados",
        "flag": "https://skyflocodes.github.io/CountryAssets/country_flags/bb.png",
        "wikipediaLink": "https://en.wikipedia.org/wiki/Barbados",
        "code": "BBD - Barbadian Dollar",
        "regions": [
          "Christ Church",
          "Saint Andrew",
          "Saint George",
          "Saint James",
          "Saint John",
          "Saint Lucy",
          "Saint Michael",
          "Saint Peter",
          "Saint Philip",
          "Saint Thomas"
        ]
      },
      {
        "name": "Armenia",
        "flag": "https://skyflocodes.github.io/CountryAssets/country_flags/am.png",
        "wikipediaLink": "https://en.wikipedia.org/wiki/Armenia",
        "code": "AMD - Dram",
        "regions": [
          "Aragacotn",
          "Ararat",
          "Armavir",
          "Erevan",
          "Gegark'unik'",
          "Kotayk'",
          "Lori",
          "Sirak",
          "Syunik'",
          "Tavus",
          "Vayoc Jor"
        ]
      },
      {
        "name": "Tunisia",
        "flag": "https://skyflocodes.github.io/CountryAssets/country_flags/tn.png",
        "wikipediaLink": "https://en.wikipedia.org/wiki/Tunisia",
        "code": "TND - Tunisian Dinar",
        "regions": [
          "Beja",
          "Ben Arous",
          "Bizerte",
          "Gabes",
          "Gafsa",
          "Jendouba",
          "Kairouan",
          "Kasserine",
          "Kebili",
          "L'Ariana",
          "La Manouba",
          "Le Kef",
          "Mahdia",
          "Medenine",
          "Monastir",
          "Nabeul",
          "Sfax",
          "Sidi Bouzid",
          "Siliana",
          "Sousse",
          "Tataouine",
          "Tozeur",
          "Tunis",
          "Zaghouan"
        ]
      },
      {
        "name": "Equatorial Guinea",
        "flag": "https://skyflocodes.github.io/CountryAssets/country_flags/gq.png",
        "wikipediaLink": "https://en.wikipedia.org/wiki/Equatorial_Guinea",
        "code": "XAF - CFA Franc BEAC",
        "regions": [
          "Bioko Norte",
          "Kie-Ntem",
          "Litoral",
          "Wele-Nzas"
        ]
      },
      {
        "name": "Côte d'Ivoire",
        "flag": "https://skyflocodes.github.io/CountryAssets/country_flags/ci.png",
        "wikipediaLink": "https://en.wikipedia.org/wiki/Ivory_Coast",
        "code": "XOF - CFA Franc BCEAO",
        "regions": [
          "Abidjan",
          "Bas-Sassandra",
          "Comoe",
          "Denguele",
          "Goh-Djiboua",
          "Lacs",
          "Lagunes",
          "Montagnes",
          "Sassandra-Marahoue",
          "Savanes",
          "Vallee du Bandama",
          "Woroba",
          "Yamoussoukro",
          "Zanzan"
        ]
      },
      {
        "name": "Nauru",
        "flag": "https://skyflocodes.github.io/CountryAssets/country_flags/nr.png",
        "wikipediaLink": "https://en.wikipedia.org/wiki/Nauru",
        "code": "AUD - Australian Dollars",
        "regions": [
          "Aiwo",
          "Anetan",
          "Yaren"
        ]
      }
    ]
  }
